hqdm:thing,hqdmRelation:58d8936d-5887-4cf1-9f15-e96fa07f430e,hqdm:member__of,hqdm:class,,0,-1,False,
hqdm:spatio_temporal_extent,hqdmRelation:ac3fd9bd-a64d-4e87-8da6-1ce76451fde5,hqdm:part__of,hqdm:spatio_temporal_extent,,0,-1,False,
hqdm:spatio_temporal_extent,hqdmRelation:96c965a9-ec3e-47f2-b18e-b67147bc0873,hqdm:beginning,hqdm:event,,0,-1,False,
hqdm:spatio_temporal_extent,hqdmRelation:aee002be-0529-4b80-82b0-0a6bcca34e48,hqdm:ending,hqdm:event,,0,-1,False,
hqdm:spatio_temporal_extent,hqdmRelation:d2bd9e45-948f-4570-91c2-b0693cd81363,hqdm:part_of_possible_world,hqdm:possible_world,,1,-1,False,
hqdm:spatio_temporal_extent,hqdmRelation:e052b90c-13c3-4fea-8289-0c995656ed8f,hqdm:member_of,hqdm:class_of_spatio_temporal_extent,,0,-1,False,
hqdm:spatio_temporal_extent,hqdmRelation:2fe747d1-a196-41a2-baf5-7b603aed9c57,hqdm:temporal__part_of,hqdm:spatio_temporal_extent,,0,-1,False,
hqdm:spatio_temporal_extent,hqdmRelation:45718dab-3b33-4d47-ba46-ddaeef3cdf4c,hqdm:aggregated_into,hqdm:spatio_temporal_extent,,0,-1,False,
hqdm:spatio_temporal_extent,hqdmRelation:fa7b1f1a-1e9f-42b9-8513-ddb7a2e74c90,hqdm:consists__of,hqdm:spatio_temporal_extent,,0,1,False,hqdm:part__of
hqdm:state,hqdmRelation:87bd55fd-4cc7-423d-90ab-a237cd759fb0,hqdm:temporal_part_of,hqdm:individual,,0,-1,False,
hqdm:state,hqdmRelation:65553ab0-e43d-4f6c-8f1d-76dad4610a54,hqdm:member_of,hqdm:class_of_state,hqdm:spatio_temporal_extent,0,-1,True,
hqdm:individual,hqdmRelation:c037270e-801f-4957-ad79-239954cedc37,hqdm:member_of,hqdm:class_of_individual,hqdm:state,0,-1,True,
hqdm:individual,hqdmRelation:6e23c714-9241-4132-aa7b-82391c6a60b7,hqdm:member_of_kind,hqdm:kind_of_individual,,0,-1,False,
hqdm:physical_object,hqdmRelation:9b3d0e37-c23c-48f7-8e43-d70061a22a5f,hqdm:member_of,hqdm:class_of_physical_object,hqdm:individual,0,-1,True,
hqdm:physical_object,hqdmRelation:b473c2ce-903a-4169-96dc-430855cf97ed,hqdm:member_of_kind,hqdm:kind_of_physical_object,hqdm:individual,0,-1,True,
hqdm:state_of_physical_object,hqdmRelation:4096218c-eac7-44a6-90f8-e7ac21599c85,hqdm:temporal_part_of,hqdm:physical_object,hqdm:state,0,-1,True,
hqdm:state_of_physical_object,hqdmRelation:96a99f0a-1e95-48a1-976e-2d50a0610d64,hqdm:member_of,hqdm:class_of_state_of_physical_object,hqdm:state,0,-1,True,
hqdm:state_of_ordinary_physical_object,hqdmRelation:4da82cf9-b653-48be-bf96-1f73ffac5453,hqdm:temporal_part_of,hqdm:ordinary_physical_object,hqdm:state_of_physical_object,0,-1,True,
hqdm:state_of_ordinary_physical_object,hqdmRelation:b2259b35-a177-41e8-83bd-129a55537871,hqdm:member_of,hqdm:class_of_state_of_ordinary_physical_object,hqdm:state_of_physical_object,0,-1,True,
hqdm:ordinary_physical_object,hqdmRelation:0c2cbf60-72fe-40db-aa23-d4088358cea6,hqdm:member_of,hqdm:class_of_ordinary_physical_object,hqdm:physical_object,0,-1,True,
hqdm:ordinary_physical_object,hqdmRelation:8889d86e-7978-4c26-91c7-b3bc950bf573,hqdm:member_of_kind,hqdm:kind_of_ordinary_physical_object,hqdm:physical_object,0,-1,True,
hqdm:system,hqdmRelation:1347cb1e-d53e-4986-918d-fe41feec961c,hqdm:member_of,hqdm:class_of_system,hqdm:state_of_system,0,-1,True,
hqdm:system,hqdmRelation:4454bc3d-5ad1-4101-b40e-07e187975ebc,hqdm:member_of_kind,hqdm:kind_of_system,hqdm:ordinary_physical_object,0,-1,True,
hqdm:state_of_system,hqdmRelation:fcbfd748-958e-4e83-a49d-985075188e9e,hqdm:temporal_part_of,hqdm:system,hqdm:state_of_ordinary_physical_object,0,-1,True,
hqdm:state_of_system,hqdmRelation:0401697a-3537-4ef7-bba8-11d19292678d,hqdm:member_of,hqdm:class_of_state_of_system,hqdm:state_of_ordinary_physical_object,0,-1,True,
hqdm:state_of_functional_system,hqdmRelation:c61d7746-0177-4e93-9e5e-c3d0053e9082,hqdm:temporal_part_of,hqdm:functional_system,hqdm:state_of_system,0,-1,True,
hqdm:state_of_functional_system,hqdmRelation:542f8aa4-ab24-4a48-9fe2-2adda03e2632,hqdm:member_of,hqdm:class_of_state_of_functional_system,hqdm:state_of_system,0,-1,True,
hqdm:state_of_ordinary_functional_object,hqdmRelation:9983fff9-72b0-43e1-9d77-0fd810e2ac0a,hqdm:temporal_part_of,hqdm:ordinary_functional_object,hqdm:state_of_functional_object,0,-1,True,
hqdm:state_of_ordinary_functional_object,hqdmRelation:f04f668e-5a43-41af-82e0-5806e3ca3118,hqdm:member_of,hqdm:class_of_state_of_ordinary_functional_object,hqdm:state_of_functional_object,0,-1,True,
hqdm:state_of_functional_object,hqdmRelation:a4326e10-a747-449a-9435-87a04a21ada9,hqdm:temporal_part_of,hqdm:functional_object,hqdm:state_of_intentionally_constructed_object,0,-1,True,
hqdm:state_of_functional_object,hqdmRelation:88f601d8-575f-4316-8c75-1bb4635cf4e8,hqdm:member_of,hqdm:class_of_state_of_functional_object,hqdm:state_of_intentionally_constructed_object,0,-1,True,
hqdm:state_of_intentionally_constructed_object,hqdmRelation:a7735b64-d0f4-4f35-870d-d28eff6f7c3f,hqdm:temporal_part_of,hqdm:intentionally_constructed_object,hqdm:state,0,-1,True,
hqdm:state_of_intentionally_constructed_object,hqdmRelation:ef1316a4-8a47-440c-a3d5-a0133765852b,hqdm:member_of,hqdm:class_of_state_of_intentionally_constructed_object,hqdm:state,0,-1,True,
hqdm:intentionally_constructed_object,hqdmRelation:ae6fa8e3-66d9-4931-be9d-c6a4e1a99618,hqdm:member_of,hqdm:class_of_intentionally_constructed_object,hqdm:individual,0,-1,True,
hqdm:intentionally_constructed_object,hqdmRelation:853c9329-1274-4543-ac7c-9f570937a83a,hqdm:member_of_kind,hqdm:kind_of_intentionally_constructed_object,hqdm:individual,0,-1,True,
hqdm:functional_object,hqdmRelation:3a82f569-fb12-4fd6-b893-80c272071a94,hqdm:member_of,hqdm:class_of_functional_object,hqdm:intentionally_constructed_object,0,-1,True,
hqdm:functional_object,hqdmRelation:bcd15b28-4d3e-41de-966c-fac27b7ff54c,hqdm:intended_role,hqdm:role,,1,-1,False,
hqdm:functional_object,hqdmRelation:e9efea4b-cdcd-4a2d-ae1d-7e3e08655a71,hqdm:member_of_kind,hqdm:kind_of_functional_object,hqdm:intentionally_constructed_object,0,-1,True,
hqdm:functional_system_component,hqdmRelation:163a237b-c25f-4062-84ee-695f217d6bec,hqdm:component_of,hqdm:functional_system,hqdm:system_component,1,1,True,
hqdm:functional_system_component,hqdmRelation:4b8d5fdc-6694-4c58-998e-8d227d399a2d,hqdm:member_of,hqdm:class_of_functional_system_component,hqdm:functional_object,0,-1,True,
hqdm:functional_system_component,hqdmRelation:8ea62706-fa07-40d7-8586-a8768403c01e,hqdm:member_of_kind,hqdm:kind_of_functional_system_component,hqdm:functional_object,1,-1,True,
hqdm:state_of_functional_system_component,hqdmRelation:f7c8c901-6147-4a58-bf88-0fdd32dc9faa,hqdm:temporal_part_of,hqdm:functional_system_component,hqdm:state_of_functional_object,0,-1,True,
hqdm:state_of_functional_system_component,hqdmRelation:2b009fed-c8fd-451a-b60a-f4b65104dae6,hqdm:member_of,hqdm:class_of_state_of_functional_system_component,hqdm:state_of_functional_object,0,-1,True,
hqdm:state_of_system_component,hqdmRelation:eb99aaa2-c16c-4d57-9716-409062cf4c00,hqdm:temporal_part_of,hqdm:system_component,hqdm:state_of_physical_object,0,-1,True,
hqdm:state_of_system_component,hqdmRelation:c4ad298b-f535-4f70-bfc8-7e3a8f9d9de4,hqdm:member_of,hqdm:class_of_state_of_system_component,hqdm:state_of_physical_object,0,-1,True,
hqdm:system_component,hqdmRelation:5df20202-283c-4273-9551-456cc182dd0d,hqdm:component_of,hqdm:system,,1,1,False,
hqdm:system_component,hqdmRelation:3497e45e-e5d4-4966-80b7-b4ce16d1938e,hqdm:member_of,hqdm:class_of_system_component,hqdm:physical_object,0,-1,True,
hqdm:biological_system_component,hqdmRelation:319ac105-0d66-4a1e-bc26-21b57dd1102f,hqdm:component_of,hqdm:biological_system,hqdm:system_component,1,1,True,
hqdm:biological_system_component,hqdmRelation:f311a9d7-a651-4142-bc75-d34895426811,hqdm:member_of,hqdm:class_of_biological_system_component,hqdm:biological_object,0,-1,True,
hqdm:biological_object,hqdmRelation:95bd611c-a9f8-42a5-a929-f29e6be47b50,hqdm:member_of,hqdm:class_of_biological_object,hqdm:state_of_biological_object,0,-1,True,
hqdm:biological_object,hqdmRelation:bd614e94-57ad-4133-9c55-839546c79522,hqdm:member_of_kind,hqdm:kind_of_biological_object,hqdm:physical_object,0,-1,True,
hqdm:state_of_biological_object,hqdmRelation:d6865f69-4c0c-4a3d-9d95-803ddce86b82,hqdm:temporal_part_of,hqdm:biological_object,hqdm:state_of_physical_object,0,-1,True,
hqdm:state_of_biological_object,hqdmRelation:ce789976-153f-45da-81cf-70f6665c0853,hqdm:member_of,hqdm:class_of_state_of_biological_object,hqdm:state_of_physical_object,0,-1,True,
hqdm:state_of_ordinary_biological_object,hqdmRelation:3ce58389-5adb-4a54-914c-ad03d629ea1f,hqdm:temporal_part_of,hqdm:ordinary_biological_object,hqdm:state_of_biological_object,0,-1,True,
hqdm:state_of_ordinary_biological_object,hqdmRelation:2a22cfce-0ebd-43b4-91ea-a5ab5320740c,hqdm:member_of,hqdm:class_of_state_of_ordinary_biological_object,hqdm:state_of_biological_object,0,-1,True,
hqdm:ordinary_biological_object,hqdmRelation:b70cc1b5-3171-4f5a-831c-df16ede6c885,hqdm:member_of,hqdm:class_of_ordinary_biological_object,hqdm:state_of_ordinary_biological_object,0,-1,True,
hqdm:ordinary_biological_object,hqdmRelation:910bb600-a54f-4527-8927-0a335df8cc39,hqdm:member_of_kind,hqdm:kind_of_ordinary_biological_object,hqdm:biological_object,0,-1,True,
hqdm:biological_system,hqdmRelation:81589659-b10c-446e-95f1-4c38b919ae59,hqdm:member_of,hqdm:class_of_biological_system,hqdm:ordinary_biological_object,0,-1,True,
hqdm:biological_system,hqdmRelation:371e36c7-a1c5-4f10-8d88-d47b99da2710,hqdm:natural_role,hqdm:role,,0,-1,False,
hqdm:biological_system,hqdmRelation:cf7d7986-b6b1-42ea-8b1a-0cd6fb34f8c1,hqdm:member_of_kind,hqdm:kind_of_biological_system,hqdm:ordinary_biological_object,0,-1,True,
hqdm:state_of_biological_system,hqdmRelation:fbdcccb7-d061-44fd-b0d0-8d5547489184,hqdm:temporal_part_of,hqdm:biological_system,hqdm:state_of_ordinary_biological_object,0,-1,True,
hqdm:state_of_biological_system,hqdmRelation:84626bdf-aa48-4277-8bf6-4f5f79b87b73,hqdm:member_of,hqdm:class_of_state_of_biological_system,hqdm:state_of_ordinary_biological_object,0,-1,True,
hqdm:state_of_person,hqdmRelation:6d93d187-ab2e-4ca8-b7bb-2b3ba4737b5f,hqdm:temporal_part_of,hqdm:person,hqdm:state_of_biological_system,0,-1,True,
hqdm:state_of_person,hqdmRelation:dcc51ec1-22d6-4182-b647-dee81294cebc,hqdm:member_of,hqdm:class_of_state_of_person,hqdm:state_of_biological_system,0,-1,True,
hqdm:state_of_party,hqdmRelation:b8ea01ad-d535-4502-94be-e68d05118c12,hqdm:temporal_part_of,hqdm:party,hqdm:state_of_system,0,-1,True,
hqdm:state_of_party,hqdmRelation:cd7ab7a0-8e04-4c42-a450-05190696fe11,hqdm:member_of,hqdm:class_of_state_of_party,hqdm:state_of_system,0,-1,True,
hqdm:party,hqdmRelation:60b7a2b2-591d-466b-826a-bc6298937925,hqdm:member_of,hqdm:class_of_party,hqdm:state_of_party,0,-1,True,
hqdm:party,hqdmRelation:ed7e7016-2975-4184-aa89-af85b707e147,hqdm:member_of_kind,hqdm:kind_of_party,hqdm:system,0,-1,True,
hqdm:organization,hqdmRelation:41e1df78-0677-4942-9818-61afb28cdb40,hqdm:member_of,hqdm:class_of_organization,hqdm:state_of_organization,0,-1,True,
hqdm:organization,hqdmRelation:6916283c-9ee4-446e-b5dd-6b6f1e6f101b,hqdm:member_of_kind,hqdm:kind_of_organization,hqdm:party,0,-1,True,
hqdm:state_of_organization,hqdmRelation:ed47bf86-2206-419a-89eb-0934736f31be,hqdm:temporal_part_of,hqdm:organization,hqdm:state_of_party,0,-1,True,
hqdm:state_of_organization,hqdmRelation:d8d8993a-92bf-49fc-b5db-ac35cfdfb9ba,hqdm:member_of,hqdm:class_of_state_of_organization,hqdm:state_of_party,0,-1,True,
hqdm:state_of_socially_constructed_object,hqdmRelation:cf4fd4fe-a4c2-4cfe-8e76-f79901d02dd4,hqdm:member_of,hqdm:class_of_state_of_socially_constructed_object,hqdm:state_of_intentionally_constructed_object,0,-1,True,
hqdm:state_of_socially_constructed_object,hqdmRelation:dfcbe928-c654-455a-91ba-92a36394c03f,hqdm:temporal_part_of,hqdm:socially_constructed_object,hqdm:state_of_intentionally_constructed_object,0,-1,True,
hqdm:socially_constructed_object,hqdmRelation:03ecf9fc-945d-43a6-85b8-c8e131214833,hqdm:member_of,hqdm:class_of_socially_contructed_object,hqdm:intentionally_constructed_object,0,-1,True,
hqdm:socially_constructed_object,hqdmRelation:180cd739-b8cd-4ccb-83d4-e095e3501c68,hqdm:member_of_kind,hqdm:kind_of_socially_constructed_object,hqdm:intentionally_constructed_object,0,-1,True,
hqdm:amount_of_money,hqdmRelation:ba950dae-21c2-4d52-a302-00d1f295db82,hqdm:member_of,hqdm:class_of_amount_of_money,hqdm:state_of_amount_of_money,0,-1,True,
hqdm:amount_of_money,hqdmRelation:a240dcab-713f-4703-99e7-528b99207007,hqdm:member_of_currency,hqdm:currency,,0,1,False,
hqdm:state_of_amount_of_money,hqdmRelation:e944281d-866a-4c67-b7b6-f062d13d2526,hqdm:temporal_part_of,hqdm:amount_of_money,hqdm:state_of_socially_constructed_object,0,1,True,
hqdm:state_of_amount_of_money,hqdmRelation:7df0d741-d7c3-4fd5-8085-c8dc1ca56a81,hqdm:member_of,hqdm:class_of_state_of_amount_of_money,hqdm:state_of_socially_constructed_object,0,-1,True,
hqdm:asset,hqdmRelation:e6594b28-c326-4e84-b74e-a1b64b4a07b8,hqdm:participant_in,hqdm:ownership,hqdm:participant,1,1,True,
hqdm:participant,hqdmRelation:f5868caa-7b57-43d8-bb30-8bfcea5542ae,hqdm:member_of,hqdm:class_of_participant,hqdm:state_of_physical_object,0,-1,True,
hqdm:participant,hqdmRelation:47f75e62-f12d-4aa2-84a6-c42b0534a554,hqdm:member_of_kind,hqdm:role,,1,-1,False,
hqdm:participant,hqdmRelation:3fc0b6d2-0954-4330-8279-a4d42b6e5da0,hqdm:participant_in,hqdm:participant_in_activity_or_association,,0,-1,False,
hqdm:owner,hqdmRelation:4d18dffd-239e-4033-93dc-7baff75f6716,hqdm:participant_in,hqdm:ownership,hqdm:participant,1,1,True,
hqdm:activity,hqdmRelation:d4c308f0-9ae3-4b7d-937b-5f10e38c0ae1,hqdm:references,hqdm:thing,,0,-1,False,
hqdm:activity,hqdmRelation:9aa0dd62-f513-4176-ac59-ef147864b65d,hqdm:determines,hqdm:thing,,0,-1,False,
hqdm:activity,hqdmRelation:e3e09fc8-b1b9-4f46-961f-3db83c42ca8b,hqdm:causes,hqdm:event,,1,-1,False,
hqdm:activity,hqdmRelation:97e1bc20-033c-4f96-8001-a062f54376b0,hqdm:member_of,hqdm:class_of_activity,hqdm:individual,0,-1,True,
hqdm:activity,hqdmRelation:9048b7e9-51fb-429d-b070-90b30ab44e8f,hqdm:part_of,hqdm:activity,,0,-1,False,
hqdm:activity,hqdmRelation:552b3358-a463-4e66-9cd6-1987c269d4ea,hqdm:member_of_kind,hqdm:kind_of_activity,hqdm:individual,1,-1,True,
hqdm:activity,hqdmRelation:d03b73d7-7c2b-4cc7-b086-ddc0d930e0ed,hqdm:consists_of,hqdm:activity,,0,1,False,hqdm:part_of
hqdm:activity,hqdmRelation:79cbb2a3-c1b1-4996-b47f-22510688bac1,hqdm:consists_of_participant,hqdm:participant,,1,-1,False,hqdm:participant_in
hqdm:state_of_activity,hqdmRelation:ede58361-973c-4b75-b563-8b771be9a09b,hqdm:temporal_part_of,hqdm:activity,hqdm:state,0,-1,True,
hqdm:state_of_activity,hqdmRelation:cbe321a9-9800-46e1-8a1e-b7924e0ccc72,hqdm:member_of,hqdm:class_of_state_of_activity,hqdm:state,0,-1,True,
hqdm:class_of_spatio_temporal_extent,hqdmRelation:549a3fad-197a-42df-91e5-8571fdfcefae,hqdm:member_of_,hqdm:class_of_class_of_spatio_temporal_extent,,0,-1,False,
hqdm:class_of_spatio_temporal_extent,hqdmRelation:9467139c-dba3-4a2b-b87d-7bbb583df924,hqdm:part__of_by_class,hqdm:class_of_spatio_temporal_extent,,0,-1,False,
hqdm:class_of_spatio_temporal_extent,hqdmRelation:a87141d8-915a-4985-82b2-3ff494741cfd,hqdm:consists__of_by_class,hqdm:class_of_spatio_temporal_extent,,1,-1,False,hqdm:part__of_by_class
hqdm:class,hqdmRelation:194bd978-b78d-42c5-a5cf-7830a183a120,hqdm:member_of,hqdm:class_of_class,,0,-1,False,
hqdm:class,hqdmRelation:7d11b956-0014-43be-9a3e-f89e2b31ec4f,hqdm:has_superclass,hqdm:class,,0,-1,False,
hqdm:relationship,hqdmRelation:79fdb419-28da-4443-b82a-62f7cae17a15,hqdm:member_of,hqdm:class_of_relationship,,0,-1,False,
hqdm:classification,hqdmRelation:3cb88328-a51e-4583-b8ea-30d24dcf4231,hqdm:classifier,hqdm:class,,0,-1,False,
hqdm:classification,hqdmRelation:5f3d1aab-f36d-461c-8a78-4579ad0d8b50,hqdm:member,hqdm:thing,,0,-1,False,
hqdm:aggregation,hqdmRelation:f690f6ad-8d04-4459-bcbf-b229e6e58697,hqdm:whole,hqdm:spatio_temporal_extent,,0,-1,False,
hqdm:aggregation,hqdmRelation:2a152eb3-8fc5-4fe9-8f0d-0f567d1f29ed,hqdm:part,hqdm:spatio_temporal_extent,,0,-1,False,
hqdm:specialization,hqdmRelation:2c6d211e-d4cc-4fe3-9e4f-9e0809afad8e,hqdm:superclass,hqdm:class,,0,-1,False,
hqdm:specialization,hqdmRelation:21ad8393-2202-42d3-84ff-1739322eb55b,hqdm:subclass,hqdm:class,,0,-1,False,
hqdm:defined_relationship,hqdmRelation:7c756b9c-c6a9-4e71-973e-537ef9a9a761,hqdm:member_of_kind,hqdm:kind_of_relationship_with_signature,,1,1,False,
hqdm:defined_relationship,hqdmRelation:93de9b75-1959-4395-b29f-f6ee3b48f23f,hqdm:involves,hqdm:classification,,2,-1,False,
hqdm:kind_of_relationship_with_signature,hqdmRelation:3141afbf-bae3-438a-a70a-e3e76be2b844,hqdm:roles,hqdm:class,,2,-1,False,
hqdm:kind_of_relationship_with_restriction,hqdmRelation:7206ebd0-b57f-4b93-8bf6-e0224a43432d,hqdm:required_role_player,hqdm:classification,,1,-1,False,
hqdm:scale,hqdmRelation:1aea6586-ebdf-40d1-83f1-a03b696af814,hqdm:unit,hqdm:unit_of_measure,,0,-1,False,
hqdm:scale,hqdmRelation:5e4c481b-d842-4fdd-b758-26d5178c5ecd,hqdm:domain,hqdm:kind_of_physical_quantity,,0,-1,False,
hqdm:kind_of_system,hqdmRelation:b0baa7f6-cbb6-4f55-956f-2415efecebe7,hqdm:has_component_by_class,hqdm:kind_of_system_component,,1,-1,False,
hqdm:kind_of_functional_system,hqdmRelation:9fc6e6b2-6245-45c9-a658-4807f752d7e1,hqdm:has_component_by_class,hqdm:kind_of_functional_system_component,hqdm:kind_of_system,1,-1,True,
hqdm:kind_of_organization,hqdmRelation:01fb2628-8416-4cdb-9243-d042d414c178,hqdm:component_by_class,hqdm:kind_of_organization_component,,1,1,False,
hqdm:class_of_socially_constructed_activity,hqdmRelation:fd2cd441-1e7c-41c1-a751-3854061db612,hqdm:part_of_by_class,hqdm:class_of_reaching_agreement,,0,-1,False,
hqdm:class_of_socially_constructed_activity,hqdmRelation:2d5730ba-950c-482e-aa81-1fc487b7a490,hqdm:part_of_by_class_,hqdm:class_of_agreement_execution,,0,-1,False,
hqdm:kind_of_activity,hqdmRelation:2313856c-860b-462e-9c8b-e1536f9c5f6d,hqdm:determines_by_class,hqdm:class,,0,-1,False,
hqdm:kind_of_activity,hqdmRelation:aa96cc1b-4236-41b0-80c2-a72ea8bc6740,hqdm:references_by_class,hqdm:class,,0,-1,False,
hqdm:kind_of_activity,hqdmRelation:2d30a464-7288-4e83-9bae-e6c67f9dac26,hqdm:causes_by_class,hqdm:class_of_event,,0,-1,False,
hqdm:kind_of_activity,hqdmRelation:d06091c7-b22b-4141-a803-3f6dddf8ac11,hqdm:consists_of_by_class,hqdm:role,,1,-1,False,hqdm:part_of_by_class
hqdm:role,hqdmRelation:744316c4-55e4-4b3d-aaed-bb05f54aeb46,hqdm:part_of_by_class,hqdm:kind_of_activity,,0,-1,False,
hqdm:role,hqdmRelation:c8d2e455-c9c1-41db-8fb7-273fd73842c0,hqdm:part_of_by_class_,hqdm:kind_of_association,,0,-1,False,
hqdm:kind_of_association,hqdmRelation:28580a84-675f-487e-b92f-f5469f4ce67f,hqdm:consists_of_by_class,hqdm:role,,2,-1,False,hqdm:part_of_by_class_
hqdm:class_of_reaching_agreement,hqdmRelation:0147cb9f-cc3a-45e4-953c-9e2ac4e6d40c,hqdm:part_of_by_class,hqdm:class_of_agreement_process,hqdm:class_of_socially_constructed_activity,0,-1,True,
hqdm:class_of_agree_contract,hqdmRelation:cf1c98c0-b92a-4343-8d7b-75538272e878,hqdm:part_of_by_class,hqdm:class_of_contract_process,hqdm:class_of_reaching_agreement,0,-1,True,
hqdm:class_of_agreement_execution,hqdmRelation:41103c4f-50d9-4294-bd8c-21c75776067c,hqdm:part_of_by_class,hqdm:class_of_agreement_process,hqdm:class_of_socially_constructed_activity,0,-1,True,
hqdm:class_of_contract_execution,hqdmRelation:daa2f816-e11e-48e5-8b55-0730140203de,hqdm:part_of_by_class,hqdm:class_of_contract_process,hqdm:class_of_agreement_execution,0,-1,True,
hqdm:offering,hqdmRelation:9078d74f-05bc-4f7a-bc75-6cbc15f1e867,hqdm:class_of_offered,hqdm:class_of_individual,,0,-1,False,
hqdm:offering,hqdmRelation:034d023c-4e85-41c9-81fb-bb80a3b4662f,hqdm:consideration_by_class,hqdm:price,,0,-1,False,
hqdm:offering,hqdmRelation:a1627799-9af2-40ac-b5a9-7dc5bdf7a113,hqdm:offeror,hqdm:party,,0,-1,False,
hqdm:offering,hqdmRelation:ecb557a4-15d3-4332-a7aa-b97f4024b894,hqdm:period_offered,hqdm:period_of_time,,0,-1,False,
hqdm:product_offering,hqdmRelation:c2cfd952-8581-4de6-aa30-4cf28a28d087,hqdm:class_of_offered,hqdm:sales_product,hqdm:offering,0,-1,True,
hqdm:sales_product,hqdmRelation:3283bfb9-d17f-4949-917d-ba8662f11bc7,hqdm:sold_under,hqdm:product_brand,,0,1,False,
hqdm:sales_product,hqdmRelation:a0d4651d-b1e9-49d0-8429-d6b3c1f0ae51,hqdm:meets_specification,hqdm:requirement_specification,,0,-1,False,
hqdm:sales_product_version,hqdmRelation:60a965b1-a679-4074-93b5-340d60409aa1,hqdm:sold_as,hqdm:sales_product,,0,1,False,
hqdm:sales_product_version,hqdmRelation:27ecace2-8a42-4523-aba1-21e840b1349a,hqdm:successor,hqdm:sales_product_version,,0,-1,False,
hqdm:requirement_specification,hqdmRelation:2baadd7c-4a98-434b-abbf-6f3b1f34e72c,hqdm:intersection_of,hqdm:class_of_state,,1,-1,False,
hqdm:period_of_time,hqdmRelation:34f555e2-61a2-4972-ae10-03d9f9924b65,hqdm:temporal_part_of_,hqdm:possible_world,,0,-1,False,
hqdm:period_of_time,hqdmRelation:e6cc98a9-02ba-48a6-800a-c640f5a917d4,hqdm:member_of,hqdm:class_of_period_of_time,hqdm:state,0,-1,True,
hqdm:possible_world,hqdmRelation:7d4f6ee1-b5df-44ed-8d73-8b8c251e1e21,hqdm:member_of,hqdm:class_of_possible_world,hqdm:individual,0,-1,True,
hqdm:kind_of_functional_object,hqdmRelation:0f5fd166-e3a0-4903-b595-24434e12a684,hqdm:intended_role_by_class,hqdm:role,,1,-1,False,
hqdm:kind_of_biological_system,hqdmRelation:6b25993e-b212-4d6f-bdcb-2f0755dfbbe6,hqdm:natural_role_by_class,hqdm:role,,0,-1,False,
hqdm:kind_of_biological_system,hqdmRelation:c102a680-3b92-4fed-afd8-82153f49bb78,hqdm:has_component_by_class,hqdm:kind_of_biological_system_component,hqdm:kind_of_system,1,-1,True,
hqdm:physical_property,hqdmRelation:1d80c19b-6806-440f-a072-01374330b300,hqdm:member_of,hqdm:class_of_physical_property,hqdm:class,0,-1,True,
hqdm:physical_property,hqdmRelation:e1464800-eba5-4098-9589-e611ca39e8b8,hqdm:member_of_kind,hqdm:kind_of_physical_property,,0,-1,False,
hqdm:physical_quantity,hqdmRelation:0821265c-7815-436a-8dcd-758ff2c71b70,hqdm:member_of,hqdm:class_of_physical_quantity,hqdm:physical_property,0,-1,True,
hqdm:physical_quantity,hqdmRelation:2608c3fb-c672-4d39-a7da-6af0c927d82d,hqdm:member_of_kind,hqdm:kind_of_physical_quantity,hqdm:physical_property,0,-1,True,
hqdm:physical_property_range,hqdmRelation:179340bb-2294-44fe-a6bb-8021849b81f2,hqdm:ranges_over,hqdm:physical_property,,1,-1,False,
hqdm:physical_quantity_range,hqdmRelation:4a0e4229-18c6-459a-856b-807ce20f31d5,hqdm:upper_bound,hqdm:physical_quantity,,0,-1,False,
hqdm:physical_quantity_range,hqdmRelation:c3185d06-6309-4e69-952d-13e47ed6f5a3,hqdm:lower_bound,hqdm:physical_quantity,,0,-1,False,
hqdm:socially_constructed_activity,hqdmRelation:f7430739-63ea-41ef-b66e-f552ecaebbb5,hqdm:member_of,hqdm:class_of_socially_constructed_activity,hqdm:activity,0,-1,True,
hqdm:socially_constructed_activity,hqdmRelation:d9b981fa-8fc5-4bab-ab62-91be3fe97657,hqdm:part_of,hqdm:reaching_agreement,hqdm:activity,0,-1,True,
hqdm:socially_constructed_activity,hqdmRelation:d2eb47f4-c200-4b97-b8f9-47aa0d3f04cc,hqdm:part_of_,hqdm:agreement_execution,,0,-1,False,
hqdm:agreement_process,hqdmRelation:3642e514-473d-4e21-ad6d-f8eb3ac6debb,hqdm:member_of,hqdm:class_of_agreement_process,hqdm:socially_constructed_activity,0,-1,True,
hqdm:agreement_process,hqdmRelation:67030cd2-66b7-45bd-9d39-c13bd388498e,hqdm:consists_of_,hqdm:agreement_execution,,1,-1,False,hqdm:part_of
hqdm:agreement_process,hqdmRelation:5d4106e3-29ba-4cf6-a3b5-c042385cc295,hqdm:consists_of,hqdm:reaching_agreement,hqdm:activity,1,1,True,hqdm:part_of
hqdm:contract_process,hqdmRelation:b36f6444-d51a-437c-a66e-9e86d5949f4b,hqdm:member_of,hqdm:class_of_contract_process,hqdm:agreement_process,0,-1,True,
hqdm:contract_process,hqdmRelation:664d5611-6f54-4648-9a81-92764590401f,hqdm:consists_of_,hqdm:contract_execution,hqdm:agreement_process,1,1,True,hqdm:part_of
hqdm:contract_process,hqdmRelation:f0f39a00-96b3-4dc6-ab86-cfa3677b0539,hqdm:consists_of,hqdm:agree_contract,hqdm:agreement_process,1,1,True,hqdm:part_of
hqdm:sale_of_goods,hqdmRelation:85c56da0-b1a7-4a2e-99d0-9230e71404c5,hqdm:consists_of_,hqdm:exchange_of_goods_and_money,hqdm:contract_process,1,1,True,hqdm:part_of
hqdm:sale_of_goods,hqdmRelation:06240ee9-9282-4062-93fd-bf849d7bcd81,hqdm:consists_of,hqdm:offer_and_acceptance_for_goods,hqdm:contract_process,1,1,True,hqdm:part_of
hqdm:reaching_agreement,hqdmRelation:3d5a70b1-7d21-49b5-9fc1-067a4022ca73,hqdm:member_of,hqdm:class_of_reaching_agreement,hqdm:socially_constructed_activity,0,-1,True,
hqdm:reaching_agreement,hqdmRelation:8e23604f-7f29-46db-8fcb-7714e1b74c8c,hqdm:part_of,hqdm:agreement_process,hqdm:socially_constructed_activity,1,1,True,
hqdm:agree_contract,hqdmRelation:29db527c-492f-4b6b-8f76-7fab53c6937c,hqdm:member_of,hqdm:class_of_agree_contract,hqdm:reaching_agreement,0,-1,True,
hqdm:agree_contract,hqdmRelation:7c19440b-ba1d-4927-9196-f67499eb82a7,hqdm:part_of,hqdm:contract_process,hqdm:reaching_agreement,1,1,True,
hqdm:agree_contract,hqdmRelation:782aa890-aad6-468c-83a5-93982a81d54e,hqdm:consists_of_,hqdm:offer,,1,1,False,hqdm:part_of
hqdm:agree_contract,hqdmRelation:1715f0c8-16ac-40ed-8ce6-ce89bc718408,hqdm:consists_of,hqdm:acceptance_of_offer,hqdm:activity,1,1,True,hqdm:part_of
hqdm:offer_and_acceptance_for_goods,hqdmRelation:ef97d5df-aab6-42bc-a549-534801bf49f1,hqdm:part_of,hqdm:sale_of_goods,hqdm:agree_contract,1,1,True,
hqdm:offer_and_acceptance_for_goods,hqdmRelation:50597423-9840-46ad-977e-54a98bf9a08a,hqdm:consists_of_,hqdm:offer_for_goods,hqdm:agree_contract,1,1,True,hqdm:part_of
hqdm:offer_and_acceptance_for_goods,hqdmRelation:38711f51-2d40-48c4-ac00-f839b8d85549,hqdm:consists_of,hqdm:acceptance_of_offer_for_goods,hqdm:agree_contract,1,1,True,hqdm:part_of
hqdm:offer,hqdmRelation:6694d29c-bec1-45f1-b4ce-8979caa64801,hqdm:member_of,hqdm:class_of_offer,hqdm:socially_constructed_activity,0,-1,True,
hqdm:offer,hqdmRelation:b5500b0a-a9e2-4e62-afac-51f00f1f076d,hqdm:part_of,hqdm:agree_contract,hqdm:socially_constructed_activity,0,1,True,
hqdm:offer_for_goods,hqdmRelation:1e063200-d349-4720-a289-ca4d60fbecca,hqdm:references,hqdm:exchange_of_goods_and_money,hqdm:activity,1,1,True,
hqdm:offer_for_goods,hqdmRelation:7234bfb0-c50a-4e55-b6bf-1feec9e2d24f,hqdm:part_of,hqdm:offer_and_acceptance_for_goods,hqdm:offer,0,1,True,
hqdm:exchange_of_goods_and_money,hqdmRelation:46cdce95-524e-4d91-b91b-1bba153d5ed1,hqdm:part_of,hqdm:sale_of_goods,hqdm:contract_execution,1,1,True,
hqdm:exchange_of_goods_and_money,hqdmRelation:4e160fcb-5109-4d94-a26c-53394067c458,hqdm:consists_of_,hqdm:transfer_of_ownership_of_money,,1,1,False,hqdm:part_of
hqdm:exchange_of_goods_and_money,hqdmRelation:2ab4690a-a31f-4f8f-8bbc-a85137a851b7,hqdm:consists_of,hqdm:transfer_of_ownership,hqdm:activity,1,1,True,hqdm:part_of
hqdm:contract_execution,hqdmRelation:c37fb563-bf05-44e5-9fb0-d00d939a4e09,hqdm:member_of,hqdm:class_of_contract_execution,hqdm:agreement_execution,0,-1,True,
hqdm:contract_execution,hqdmRelation:2c745086-1aef-4d1f-9ba3-0397b7396002,hqdm:part_of,hqdm:contract_process,hqdm:agreement_execution,1,1,True,
hqdm:agreement_execution,hqdmRelation:be875edf-9e89-48f5-a3a2-5cc73bbb22a5,hqdm:member_of,hqdm:class_of_agreement_execution,hqdm:socially_constructed_activity,0,-1,True,
hqdm:agreement_execution,hqdmRelation:e961d866-1adb-4710-9988-bb66e8cd0a90,hqdm:part_of,hqdm:agreement_process,hqdm:socially_constructed_activity,1,1,True,
hqdm:transfer_of_ownership,hqdmRelation:a7ded004-e3e1-402f-bfa6-2dc528722285,hqdm:causes_beginning,hqdm:beginning_of_ownership,,1,1,False,
hqdm:transfer_of_ownership,hqdmRelation:996884a8-7478-41a4-a18d-abf7a097f6a8,hqdm:causes_ending,hqdm:ending_of_ownership,,1,1,False,
hqdm:transfer_of_ownership,hqdmRelation:510f4dc4-868c-4545-9566-3cda0e72f80d,hqdm:references,hqdm:asset,hqdm:activity,1,1,True,
hqdm:transfer_of_ownership,hqdmRelation:d8762174-9491-42d5-a2b3-4ccd85b8e776,hqdm:part_of,hqdm:exchange_of_goods_and_money,hqdm:socially_constructed_activity,0,1,True,
hqdm:transfer_of_ownership,hqdmRelation:69c79e60-2b40-470c-806f-db11930cdbc7,hqdm:consists_of_participant_,hqdm:transferee,,1,1,False,hqdm:participant_in
hqdm:transfer_of_ownership,hqdmRelation:0a6d0fd1-630f-4687-9537-58f9ffcd7dd9,hqdm:consists_of_participant,hqdm:transferor,hqdm:activity,1,1,True,hqdm:participant_in
hqdm:transfer_of_ownership_of_money,hqdmRelation:a7997544-d95e-4270-80e2-417bb7146aea,hqdm:references,hqdm:money_asset,hqdm:transfer_of_ownership,1,1,True,
hqdm:transfer_of_ownership_of_money,hqdmRelation:abddaeb4-d4cc-4169-8b78-ff4f56fe3107,hqdm:part_of,hqdm:exchange_of_goods_and_money,hqdm:transfer_of_ownership,0,1,True,
hqdm:event,hqdmRelation:dc658c80-ecb0-4214-ba50-9e23863f4447,hqdm:member_of,hqdm:class_of_event,hqdm:spatio_temporal_extent,0,-1,True,
hqdm:point_in_time,hqdmRelation:0856f2a2-a17a-4ecc-a0d3-a39e6e2da48c,hqdm:member_of,hqdm:class_of_point_in_time,hqdm:event,0,-1,True,
hqdm:transferee,hqdmRelation:0fef0e7a-d7ce-4ea0-a6d3-90b8639773ac,hqdm:participant_in,hqdm:transfer_of_ownership,hqdm:participant,1,-1,True,
hqdm:transferor,hqdmRelation:595c2fb8-5c82-4a82-8859-33b06a0800e9,hqdm:temporal_part_of,hqdm:owner,hqdm:state_of_party,0,1,True,
hqdm:transferor,hqdmRelation:47ac8f17-fcdf-4b0e-821b-582eb707ac06,hqdm:participant_in,hqdm:transfer_of_ownership,hqdm:participant,1,-1,True,
hqdm:acceptance_of_offer,hqdmRelation:947959ed-eb8a-4a09-a742-e2d6adf16cb0,hqdm:references,hqdm:offer,hqdm:activity,1,1,True,
hqdm:acceptance_of_offer,hqdmRelation:ad38c21f-7c6e-4171-9f3d-613341ef6362,hqdm:part_of,hqdm:agree_contract,hqdm:socially_constructed_activity,1,1,True,
hqdm:acceptance_of_offer_for_goods,hqdmRelation:a19e75a1-a741-4cb7-a816-0a9a890b9431,hqdm:references,hqdm:offer_for_goods,hqdm:acceptance_of_offer,1,1,True,
hqdm:acceptance_of_offer_for_goods,hqdmRelation:f8015bcc-980d-45ac-b0a4-34d5be0d7794,hqdm:part_of,hqdm:offer_and_acceptance_for_goods,hqdm:acceptance_of_offer,1,1,True,
hqdm:association,hqdmRelation:427271d2-47d4-4db6-a3af-1661e6632cf4,hqdm:member_of,hqdm:class_of_association,hqdm:individual,0,-1,True,
hqdm:association,hqdmRelation:146cd945-6230-4c1f-a76c-df9e6b192202,hqdm:member_of_kind,hqdm:kind_of_association,hqdm:individual,1,-1,True,
hqdm:association,hqdmRelation:ebb8de78-9ec0-4375-acb9-15f3646ae9f0,hqdm:consists_of_participant,hqdm:participant,,1,-1,False,hqdm:participant_in
hqdm:state_of_association,hqdmRelation:086973b5-c855-49ae-92ab-ec6aba6a4671,hqdm:temporal_part_of,hqdm:association,hqdm:state,0,-1,True,
hqdm:state_of_association,hqdmRelation:f9d8f474-605e-4a7b-94b1-c6ad1e2c4b14,hqdm:member_of,hqdm:class_of_state_of_association,hqdm:state,0,-1,True,
hqdm:ownership,hqdmRelation:e1401859-600a-476d-8f00-16ae54c27d42,hqdm:ending,hqdm:ending_of_ownership,hqdm:spatio_temporal_extent,0,-1,True,
hqdm:ownership,hqdmRelation:e76b901c-0b46-4456-bfed-c81393f0f2bc,hqdm:beginning,hqdm:beginning_of_ownership,hqdm:spatio_temporal_extent,0,-1,True,
hqdm:ownership,hqdmRelation:56bc3d47-7cc2-4b7e-b96a-f2e712f91a54,hqdm:consists_of_participant,hqdm:owner,hqdm:association,1,1,True,hqdm:participant_in
hqdm:ownership,hqdmRelation:2f4bfa79-e9e3-4d9e-8c9a-8034461d1fe0,hqdm:consists_of_participant_,hqdm:asset,,1,1,False,hqdm:participant_in
hqdm:employment,hqdmRelation:6d6db54e-cc5c-4756-8b9d-a0d0b5cea9b5,hqdm:consists_of_participant,hqdm:employer,hqdm:association,1,1,True,hqdm:participant_in
hqdm:employment,hqdmRelation:9e7e5d15-c5ee-4b38-90bd-a175451926c5,hqdm:consists_of_participant_,hqdm:employee,,1,1,False,hqdm:participant_in
hqdm:employer,hqdmRelation:d15201ff-74e1-411b-a1c7-d2019ee507e3,hqdm:participant_in,hqdm:employment,hqdm:participant,1,1,True,
hqdm:employee,hqdmRelation:402dd44a-a3bd-4b98-bcec-fd8043cc0a4d,hqdm:participant_in,hqdm:employment,hqdm:participant,1,1,True,
hqdm:representation_by_sign,hqdmRelation:e24858f8-1966-41e8-8e07-ccfe138c4757,hqdm:represents,hqdm:thing,,1,-1,False,
hqdm:representation_by_sign,hqdmRelation:9121fed5-3ee3-4ffb-bb0c-b788c9f126ee,hqdm:member_of,hqdm:class_of_representation,hqdm:association,0,-1,True,
hqdm:representation_by_sign,hqdmRelation:0a68a05a-6cb4-4a14-b1f7-0688f22eb041,hqdm:member_of_,hqdm:representation_by_pattern,,1,1,False,
hqdm:representation_by_sign,hqdmRelation:29083640-7524-4750-8bb7-b228e8df7983,hqdm:consists_of_,hqdm:recognizing_language_community,,1,-1,False,hqdm:participant_in
hqdm:representation_by_sign,hqdmRelation:d60aefa6-c830-4bca-b6a3-4bae917e66fe,hqdm:consists_of,hqdm:sign,,1,-1,False,hqdm:participant_in
hqdm:representation_by_pattern,hqdmRelation:ad4cf03b-1d43-439b-87d9-c5bcf1aa7758,hqdm:represented,hqdm:thing,,1,-1,False,
hqdm:representation_by_pattern,hqdmRelation:6700c284-60c9-4fcb-bb4c-61461db845c8,hqdm:consists_of_by_class,hqdm:pattern,,1,1,False,
hqdm:representation_by_pattern,hqdmRelation:5b92a20d-c483-4f10-ba41-b5b83bc72f23,hqdm:consists_of_in_members,hqdm:recognizing_language_community,,1,-1,False,
hqdm:identification_of_physical_quantity,hqdmRelation:ae6e2a29-0be4-41a7-848f-a689e96b89f7,hqdm:represented,hqdm:physical_quantity,hqdm:representation_by_pattern,1,1,True,
hqdm:identification_of_physical_quantity,hqdmRelation:fd837966-bd60-454d-815f-ab48fddb2e91,hqdm:consists_of_by_class,hqdm:REAL,hqdm:representation_by_pattern,1,1,True,
hqdm:identification_of_physical_quantity,hqdmRelation:f1ce2f5c-71e3-445b-8a60-92b66df56400,hqdm:uses,hqdm:scale,,0,-1,False,
hqdm:definition,hqdmRelation:b6dd75f2-55fa-4236-912c-cda42fe1e290,hqdm:represented,hqdm:class,hqdm:representation_by_pattern,1,1,True,
hqdm:recognizing_language_community,hqdmRelation:06560314-4e85-48f9-85bb-178b4cdc5064,hqdm:participant_in,hqdm:representation_by_sign,hqdm:participant,0,-1,True,
hqdm:state_of_language_community,hqdmRelation:1c20a1de-d959-4127-b31e-a9dbbec8f93c,hqdm:temporal_part_of,hqdm:language_community,hqdm:state_of_organization,0,-1,True,
hqdm:sign,hqdmRelation:175d12fe-3377-46e2-8cb5-77d782b325c8,hqdm:member_of,hqdm:class_of_sign,hqdm:socially_constructed_object,0,-1,True,
hqdm:sign,hqdmRelation:6c86112b-e7bd-4473-9e80-81225f8f392f,hqdm:member_of_,hqdm:pattern,,1,1,False,
hqdm:sign,hqdmRelation:20e0f8a8-7527-47d6-9755-402851231b9f,hqdm:participant_in,hqdm:representation_by_sign,hqdm:participant,1,-1,True,
hqdm:state_of_sign,hqdmRelation:e94c08c9-f7f5-434a-ac38-2c3f21f3f6e1,hqdm:temporal_part_of,hqdm:sign,hqdm:state_of_socially_constructed_object,0,-1,True,
hqdm:state_of_sign,hqdmRelation:6d99f499-d97c-4153-9f28-0194d035f939,hqdm:member_of,hqdm:class_of_state_of_sign,hqdm:state_of_socially_constructed_object,0,-1,True,
hqdm:organization_component,hqdmRelation:c9e86868-870a-4fce-85b6-05743d0a0556,hqdm:component_of,hqdm:organization,hqdm:system_component,1,1,True,
hqdm:organization_component,hqdmRelation:abfcb8f8-f6f0-4f0c-8b7a-f17ad418c6c3,hqdm:member_of,hqdm:class_of_organization_component,hqdm:state_of_organization_component,0,-1,True,
hqdm:organization_component,hqdmRelation:540ce13b-e48b-4ee5-8c30-4b159f3f5227,hqdm:member_of_kind,hqdm:kind_of_organization_component,hqdm:physical_object,0,-1,True,
hqdm:state_of_organization_component,hqdmRelation:6721e11d-5878-4e43-99cc-37fdc955ecfa,hqdm:temporal_part_of,hqdm:organization_component,hqdm:state_of_system_component,0,-1,True,
hqdm:state_of_organization_component,hqdmRelation:d16d76ae-60fa-4edf-a6ea-6eee179e3875,hqdm:member_of,hqdm:class_of_state_of_organization_component,hqdm:state_of_system_component,0,-1,True,
hqdm:state_of_position,hqdmRelation:a905c4fe-ae80-42a8-b44f-7758c101923e,hqdm:temporal_part_of,hqdm:position,hqdm:state_of_organization_component,0,-1,True,
hqdm:state_of_position,hqdmRelation:d787b86b-2cce-4c73-a88c-83e155471bfc,hqdm:member_of,hqdm:class_of_state_of_position,hqdm:state_of_organization_component,0,-1,True,
hqdm:position,hqdmRelation:3ae53390-2fc2-45c5-8501-31ad98b77905,hqdm:member_of,hqdm:class_of_position,hqdm:organization_component,0,-1,True,
hqdm:position,hqdmRelation:5c648862-5194-475d-b1c8-9366188d277c,hqdm:member_of_kind,hqdm:kind_of_position,hqdm:organization_component,0,-1,True,
hqdm:person_in_position,hqdmRelation:534fd4a3-1c6c-4ffb-b795-2ac3bb8ff7c5,hqdm:member_of,hqdm:class_of_person_in_position,hqdm:state_of_position,0,-1,True,
hqdm:installed_object,hqdmRelation:771a2e2c-5f6c-4600-9a11-0a8773aa5f64,hqdm:member_of,hqdm:class_of_installed_object,hqdm:state_of_ordinary_physical_object,0,-1,True,
hqdm:installed_functional_system_component,hqdmRelation:f5f3e50e-8cc0-4eca-a846-b768eee13e0c,hqdm:member_of,hqdm:class_of_installed_functional_system_component,hqdm:state_of_functional_system_component,0,-1,True,
hqdm:in_place_biological_component,hqdmRelation:9ab60e5b-7e89-4019-aa45-5cb50d19c45a,hqdm:member_of,hqdm:class_of_in_place_biological_component,hqdm:state_of_biological_system_component,0,-1,True,
hqdm:state_of_biological_system_component,hqdmRelation:99d119af-0976-4bcc-9c6f-cf58c68af12a,hqdm:temporal_part_of,hqdm:biological_system_component,hqdm:state_of_biological_object,0,-1,True,
hqdm:state_of_biological_system_component,hqdmRelation:298b3b3e-e2fa-4af8-8d7e-0949c215ddc7,hqdm:member_of,hqdm:class_of_state_of_biological_system_component,hqdm:state_of_biological_object,0,-1,True,
hqdm:person,hqdmRelation:9176ffe7-5b68-4ea4-b7e8-5f4a13650bf4,hqdm:member_of,hqdm:class_of_person,hqdm:biological_system,0,-1,True,
hqdm:person,hqdmRelation:485a7a64-480b-489c-9520-e7061ba8f60c,hqdm:member_of_kind,hqdm:kind_of_person,hqdm:biological_system,0,-1,True,
hqdm:functional_system,hqdmRelation:8b93cb3e-2b31-48cd-9801-114e33184075,hqdm:member_of,hqdm:class_of_functional_system,hqdm:system,0,-1,True,
hqdm:functional_system,hqdmRelation:2276fddc-a7bc-430d-9aed-be97b109a5cb,hqdm:member_of_kind,hqdm:kind_of_functional_system,hqdm:system,0,-1,True,
hqdm:ordinary_functional_object,hqdmRelation:9a6d78c6-1dd9-489c-8694-bca8485a3176,hqdm:member_of,hqdm:class_of_ordinary_functional_object,hqdm:functional_object,0,-1,True,
hqdm:ordinary_functional_object,hqdmRelation:a0b87756-0d14-4777-9718-d6266b19affe,hqdm:member_of_kind,hqdm:kind_of_ordinary_functional_object,hqdm:functional_object,0,-1,True,
hqdm:sales_product_instance,hqdmRelation:6382ae33-0f9d-4c50-b070-e369891fe910,hqdm:member_of,hqdm:class_of_sales_product_instance,hqdm:state_of_sales_product_instance,0,-1,True,
hqdm:state_of_sales_product_instance,hqdmRelation:ddffdf6e-3de8-491d-8644-0d9fbbe20750,hqdm:temporal_part_of,hqdm:sales_product_instance,hqdm:state_of_ordinary_functional_object,0,-1,True,
hqdm:state_of_sales_product_instance,hqdmRelation:11167b17-7ef7-4ce7-9360-5a8a20bcca41,hqdm:member_of,hqdm:class_of_state_of_sales_product_instance,hqdm:state_of_ordinary_functional_object,0,-1,True,
hqdm:requirement,hqdmRelation:c286c9a9-dbf1-4779-a068-3d62446c7a0f,hqdm:defined_by,hqdm:requirement_specification,,1,1,False,
hqdm:requirement,hqdmRelation:13367d88-c8ca-4aff-a7d7-723fae7ed8de,hqdm:part_of_plan,hqdm:plan,,1,-1,False,
