thing,85e78ac0-ec72-478f-9aac-cacb520290a0,universal_relation_set,thing,,0,-1,False,
thing,ce9d0bc8-2eda-470f-ada6-2ed39a56f869,member__of,class,,0,-1,False,
spatio_temporal_extent,0db9ab1b-614c-44c0-bf33-ce54ee8495b2,part__of,spatio_temporal_extent,,0,-1,False,
spatio_temporal_extent,7b8cdafc-e693-4227-9dfd-3ebf270e10ac,beginning,event,,0,-1,False,
spatio_temporal_extent,91004282-71cb-49e8-906b-ab02ff6433cd,ending,event,,0,-1,False,
spatio_temporal_extent,11aac2f9-246f-4212-8422-20f42554ae19,part_of_possible_world,possible_world,,1,-1,False,
spatio_temporal_extent,6502a455-a385-465c-820c-1c8b15551af7,member_of,class_of_spatio_temporal_extent,,0,-1,False,
spatio_temporal_extent,4e9cd95a-a5b2-4702-a5bd-38671d637099,temporal__part_of,spatio_temporal_extent,,0,-1,False,
spatio_temporal_extent,4b83385b-240b-4177-a06b-07745f32606b,aggregated_into,spatio_temporal_extent,,0,-1,False,
spatio_temporal_extent,2c4c3a64-8974-4028-b7ac-da4d706ebd28,consists__of,spatio_temporal_extent,,0,1,False,part__of
state,eb9ffb5f-e2fa-4947-9d00-71f686c6129f,temporal_part_of,individual,,0,-1,False,
state,76ab068b-aee0-47e8-9fda-d0c390bc1066,member_of,class_of_state,spatio_temporal_extent,0,-1,True,
individual,7dde9c1e-59dc-489d-9662-37759a48bc14,member_of,class_of_individual,state,0,-1,True,
individual,6cafbaf8-6678-4d74-ac1d-9928e66c1272,member_of_kind,kind_of_individual,,0,-1,False,
physical_object,3de0ecd9-34ff-457c-8439-7d262c2a51ee,member_of,class_of_physical_object,individual,0,-1,True,
physical_object,b3fb6443-a40d-47ed-a5e1-98ee6415da3d,member_of_kind,kind_of_physical_object,individual,0,-1,True,
state_of_physical_object,8d5260c0-340b-408d-896c-9bb8a6728827,temporal_part_of,physical_object,state,0,-1,True,
state_of_physical_object,4a094225-f42e-48c9-84db-3f67ee22f220,member_of,class_of_state_of_physical_object,state,0,-1,True,
state_of_ordinary_physical_object,3b8aedb6-b4dc-40e1-a585-a6360bba7768,temporal_part_of,ordinary_physical_object,state_of_physical_object,0,-1,True,
state_of_ordinary_physical_object,f79ec442-cb31-4dea-910d-7c1c405e55ec,member_of,class_of_state_of_ordinary_physical_object,state_of_physical_object,0,-1,True,
ordinary_physical_object,d68e2172-a0cb-4c5c-b1e4-752bb9279475,member_of,class_of_ordinary_physical_object,physical_object,0,-1,True,
ordinary_physical_object,fb976b6d-14d6-4f4d-a1f3-127e2818a511,member_of_kind,kind_of_ordinary_physical_object,physical_object,0,-1,True,
system,17cec604-e61a-4160-b07a-4a5a7d350a05,member_of,class_of_system,state_of_system,0,-1,True,
system,49676ce2-6487-4cf3-acc7-245b09d25982,member_of_kind,kind_of_system,ordinary_physical_object,0,-1,True,
state_of_system,c6a11857-1cfa-440c-8631-ac6b80175a54,temporal_part_of,system,state_of_ordinary_physical_object,0,-1,True,
state_of_system,a4c76fa1-592a-4ad8-9d38-968a8235529a,member_of,class_of_state_of_system,state_of_ordinary_physical_object,0,-1,True,
state_of_functional_system,557744ff-9066-410c-b500-831c96fbc85e,temporal_part_of,functional_system,state_of_system,0,-1,True,
state_of_functional_system,e11ccb3b-5501-40ae-bc77-90a8b8893145,member_of,class_of_state_of_functional_system,state_of_system,0,-1,True,
state_of_ordinary_functional_object,713ffd9b-d6bc-442b-aef5-ef5a1527e023,temporal_part_of,ordinary_functional_object,state_of_functional_object,0,-1,True,
state_of_ordinary_functional_object,4c5e122a-7991-42ff-b88f-00b6553d1f31,member_of,class_of_state_of_ordinary_functional_object,state_of_functional_object,0,-1,True,
state_of_functional_object,c1d63a5f-fc0d-4f6f-afd1-0f22c9fc2192,temporal_part_of,functional_object,state_of_intentionally_constructed_object,0,-1,True,
state_of_functional_object,06860c97-0ee5-4701-bfdb-760242b826a2,member_of,class_of_state_of_functional_object,state_of_intentionally_constructed_object,0,-1,True,
state_of_intentionally_constructed_object,8e902540-a3f2-4551-86e7-b842ea208b89,temporal_part_of,intentionally_constructed_object,state,0,-1,True,
state_of_intentionally_constructed_object,5538ff6c-faeb-4a95-ad96-49877e926575,member_of,class_of_state_of_intentionally_constructed_object,state,0,-1,True,
intentionally_constructed_object,12e01c59-75ac-4976-9fb2-5419aa6f9fb9,member_of,class_of_intentionally_constructed_object,individual,0,-1,True,
intentionally_constructed_object,114f39ba-a7a0-468b-9171-d75eea4164be,member_of_kind,kind_of_intentionally_constructed_object,individual,0,-1,True,
functional_object,5c86e023-6bc9-4ca2-bd8f-ae3f419a007a,member_of,class_of_functional_object,intentionally_constructed_object,0,-1,True,
functional_object,aef90094-35da-4adf-866f-ba06510db3fc,intended_role,role,,1,-1,False,
functional_object,fb95183c-ed4b-42cd-b531-2b5d495cd465,member_of_kind,kind_of_functional_object,intentionally_constructed_object,0,-1,True,
functional_system_component,bf94577f-7638-4f01-a970-04f80b6259cc,component_of,functional_system,system_component,1,1,True,
functional_system_component,8aff06f5-04e4-4041-8ab6-b9b0e628055a,member_of,class_of_functional_system_component,functional_object,0,-1,True,
functional_system_component,bef0944d-8093-457a-9d92-d19f82aed697,member_of_kind,kind_of_functional_system_component,functional_object,1,-1,True,
state_of_functional_system_component,0dba1858-8e0d-4a98-b41a-622e1cdb8e83,temporal_part_of,functional_system_component,state_of_functional_object,0,-1,True,
state_of_functional_system_component,471334d9-a7e4-4b92-8f4d-9e1e9a223899,member_of,class_of_state_of_functional_system_component,state_of_functional_object,0,-1,True,
state_of_system_component,b5841357-50a1-49d4-8c03-590a6b378306,temporal_part_of,system_component,state_of_physical_object,0,-1,True,
state_of_system_component,288332ac-7a62-4c20-8ce7-21e2d0b38a4e,member_of,class_of_state_of_system_component,state_of_physical_object,0,-1,True,
system_component,63d0d9ee-4353-405e-ae2f-58982b707b87,component_of,system,,1,1,False,
system_component,f7c381db-5f8a-4861-a0fb-625c67e77db8,member_of,class_of_system_component,physical_object,0,-1,True,
biological_system_component,4774f72c-58ac-4b76-aa63-a3e27707287f,component_of,biological_system,system_component,1,1,True,
biological_system_component,9f903ed4-d1d7-477a-9a31-0b1e99486a67,member_of,class_of_biological_system_component,biological_object,0,-1,True,
biological_object,69dd1b79-4aec-469c-aa8a-e60a92ba4df7,member_of,class_of_biological_object,state_of_biological_object,0,-1,True,
biological_object,43ec78f5-8d98-473f-97f1-5286b9c6d712,member_of_kind,kind_of_biological_object,physical_object,0,-1,True,
state_of_biological_object,9fb30c98-2237-48a9-9ea1-fc01c16240b3,temporal_part_of,biological_object,state_of_physical_object,0,-1,True,
state_of_biological_object,15176ff8-11d0-4a93-8d37-1d35e32ecf33,member_of,class_of_state_of_biological_object,state_of_physical_object,0,-1,True,
state_of_ordinary_biological_object,45182240-2027-454d-8d82-a40bb50af8d5,temporal_part_of,ordinary_biological_object,state_of_biological_object,0,-1,True,
state_of_ordinary_biological_object,5e3d2732-9b06-43b2-b84c-24fbbbace582,member_of,class_of_state_of_ordinary_biological_object,state_of_biological_object,0,-1,True,
ordinary_biological_object,cab23dd6-ceea-4141-b704-334acc4a1b95,member_of,class_of_ordinary_biological_object,state_of_ordinary_biological_object,0,-1,True,
ordinary_biological_object,379ed2f5-f145-4075-a4a3-b03534a86b0c,member_of_kind,kind_of_ordinary_biological_object,biological_object,0,-1,True,
biological_system,3b22899c-fe2b-4f6c-bee0-bc8f46915df0,member_of,class_of_biological_system,ordinary_biological_object,0,-1,True,
biological_system,1c91d8e4-6b64-47a1-a46e-b31e8d360ddf,natural_role,role,,0,-1,False,
biological_system,dad1b652-672f-4f17-9eee-60d5f532fc97,member_of_kind,kind_of_biological_system,ordinary_biological_object,0,-1,True,
state_of_biological_system,31af5578-65fb-4486-854a-08f0700802c1,temporal_part_of,biological_system,state_of_ordinary_biological_object,0,-1,True,
state_of_biological_system,f737f421-549f-475b-aa3e-a7b1b8c5424f,member_of,class_of_state_of_biological_system,state_of_ordinary_biological_object,0,-1,True,
state_of_person,f16be133-23c9-4fda-bc60-41e5b950c30b,temporal_part_of,person,state_of_biological_system,0,-1,True,
state_of_person,68e9fe53-7de0-4f17-9fcb-335118ff7e96,member_of,class_of_state_of_person,state_of_biological_system,0,-1,True,
state_of_party,9629d35e-ece2-47de-ac6e-bb5062e9727a,temporal_part_of,party,state_of_system,0,-1,True,
state_of_party,9090e8bb-5da0-434a-be43-36f4efb67201,member_of,class_of_state_of_party,state_of_system,0,-1,True,
party,10fdcb2f-2c4b-4621-b39b-be035f3fc44e,member_of,class_of_party,state_of_party,0,-1,True,
party,449af555-e8c4-4de4-8b6a-2d71afc16219,member_of_kind,kind_of_party,system,0,-1,True,
organization,89613181-4f54-4cff-a908-bc59ee76050b,member_of,class_of_organization,state_of_organization,0,-1,True,
organization,db3bbf43-1034-448d-b9ca-a1ff202c1fc9,member_of_kind,kind_of_organization,party,0,-1,True,
state_of_organization,cb11bca4-4782-4ee9-a3bf-534768f4188b,temporal_part_of,organization,state_of_party,0,-1,True,
state_of_organization,384d1b71-b94b-4af0-b942-c5096f38fd97,member_of,class_of_state_of_organization,state_of_party,0,-1,True,
state_of_socially_constructed_object,181add84-8df5-4ca4-b172-e0cc02b8a787,member_of,class_of_state_of_socially_constructed_object,state_of_intentionally_constructed_object,0,-1,True,
state_of_socially_constructed_object,5cf46dbe-a620-4beb-aa42-6b28efa1634a,temporal_part_of,socially_constructed_object,state_of_intentionally_constructed_object,0,-1,True,
socially_constructed_object,7fd107e8-216e-4628-969f-1b08f58a702f,member_of,class_of_socially_constructed_object,intentionally_constructed_object,0,-1,True,
socially_constructed_object,f69c42b5-f1a1-4425-a37d-50b8ff89260e,member_of_kind,kind_of_socially_constructed_object,intentionally_constructed_object,0,-1,True,
amount_of_money,e221c816-b994-4cb0-8d39-8c9d987ef64b,member_of,class_of_amount_of_money,state_of_amount_of_money,0,-1,True,
amount_of_money,09169dcc-db24-410b-8788-7e2a3aa37d9a,member_of_currency,currency,,0,1,False,
state_of_amount_of_money,5a5d6c79-f123-4aaa-9d92-c8e86a87d88e,temporal_part_of,amount_of_money,state_of_socially_constructed_object,0,1,True,
state_of_amount_of_money,755a5e0c-33ac-4055-b70e-7f0a8e97dfb0,member_of,class_of_state_of_amount_of_money,state_of_socially_constructed_object,0,-1,True,
asset,87409cfd-9784-496d-81b9-ea7948374052,participant_in,ownership,participant,1,1,True,
participant,6c001bc6-b37a-492b-b713-57875f8b6f68,member_of,class_of_participant,state_of_physical_object,0,-1,True,
participant,a83a1123-92af-4522-b914-df23f385d0d8,member_of_kind,role,,1,-1,False,
participant,3a3ccd18-3705-44b9-a248-614e8a9d720d,participant_in,activity,,0,-1,False,
participant,5a5c0f42-84e9-45b4-a84a-a0853d35d9dd,participant_in,association,,0,-1,False,
owner,b2a160d4-eae1-4a0c-86d6-9d08b44e1a47,participant_in,ownership,participant,1,1,True,
activity,121dc3fc-df75-4f08-9dd0-c0f4294f4a9c,references,thing,,0,-1,False,
activity,746f4918-2b7e-404b-8330-573afb7db52e,determines,thing,,0,-1,False,
activity,5ee53e2e-e819-4654-b839-c5e5613f3205,causes,event,,1,-1,False,
activity,60220b11-7533-495e-a6a0-266f4dbfd7f5,member_of,class_of_activity,individual,0,-1,True,
activity,6706b5e4-ba38-4464-998f-32dc58d14089,part_of,activity,,0,-1,False,
activity,65f1d3af-1633-4d40-8819-9f57fe5f1e60,member_of_kind,kind_of_activity,individual,1,-1,True,
activity,c3f5a772-6a2d-4eb9-aa35-a37c873f79bb,consists_of,activity,,0,1,False,part_of
activity,35af0d75-127f-4b71-8eb2-a25041c7ebfe,consists_of_participant,participant,,1,-1,False,participant_in
state_of_activity,de67c59c-3a5f-4ab0-bfc4-88a9782be469,temporal_part_of,activity,state,0,-1,True,
state_of_activity,d172e3d1-2bc1-4ba2-b0c5-34bad8a76390,member_of,class_of_state_of_activity,state,0,-1,True,
class_of_spatio_temporal_extent,a8c754dc-9a3b-41fc-8ccd-05a2945e36c2,member_of_,class_of_class_of_spatio_temporal_extent,,0,-1,False,
class_of_spatio_temporal_extent,09cef258-3f5f-4503-b256-4af00f969bdd,part__of_by_class,class_of_spatio_temporal_extent,,0,-1,False,
class_of_spatio_temporal_extent,a9426db0-5edd-4457-b71a-fafaf7093db4,consists__of_by_class,class_of_spatio_temporal_extent,,1,-1,False,part__of_by_class
class,2433954e-ae2a-4cdf-b009-b2dc564fd2c5,member_of,class_of_class,,0,-1,False,
class,e46b4b89-81a4-4d0e-bf45-27262a8c9715,has_superclass,class,,0,-1,False,
relationship,bd0cff02-3c54-437b-8026-01672e02c10d,member_of,class_of_relationship,,0,-1,False,
classification,ccba8c14-e072-4a20-9967-5810bafd4d81,classifier,class,,0,-1,False,
classification,46a8b7d8-2ecf-4ead-aef8-71884ec3269e,member,thing,,0,-1,False,
aggregation,9bbcbbc9-8d7f-4f02-a726-43f2d1015dbc,whole,spatio_temporal_extent,,0,-1,False,
aggregation,87ba0bdb-ddee-461a-a63a-d57aa4059419,part,spatio_temporal_extent,,0,-1,False,
specialization,60159a3d-b84c-4a6b-8e58-f526d138427b,superclass,class,,0,-1,False,
specialization,5d3499ab-0d23-43ea-812e-1c2ed8f1f453,subclass,class,,0,-1,False,
defined_relationship,d768a705-4bf1-4031-a99a-96abb51d2a9f,member_of_kind,kind_of_relationship_with_signature,,1,1,False,
defined_relationship,f5155633-8867-4dd1-bb8f-2b0c2590985b,involves,classification,,2,-1,False,
kind_of_relationship_with_signature,a71b5ad0-67ce-4334-872c-d76f76660c68,roles,class,,2,-1,False,
kind_of_relationship_with_restriction,96100f1f-e29c-48c3-8509-5b339d677564,required_role_player,classification,,1,-1,False,
scale,20acca70-b2c6-47af-8e19-360bf5912594,unit,unit_of_measure,,0,-1,False,
scale,bbbfb10c-be60-4061-9aa7-3af1e83c5416,domain,kind_of_physical_quantity,,0,-1,False,
kind_of_system,421dc140-cacf-4680-826c-85fbe1aae9af,has_component_by_class,kind_of_system_component,,1,-1,False,
kind_of_functional_system,65064914-2547-4174-bd96-56b86cc5150f,has_component_by_class,kind_of_functional_system_component,kind_of_system,1,-1,True,
kind_of_organization,7ac2ac18-4bfa-40f3-acc6-e574dd2b216a,component_by_class,kind_of_organization_component,,1,1,False,
class_of_socially_constructed_activity,d35658f8-6d0f-451c-91bc-adf301837369,part_of_by_class,class_of_reaching_agreement,,0,-1,False,
class_of_socially_constructed_activity,ba5fc0c3-8427-4835-ad20-ff5f8ad68783,part_of_by_class_,class_of_agreement_execution,,0,-1,False,
kind_of_activity,71f8ccdb-295e-49d9-a9f8-475c8343e342,determines_by_class,class,,0,-1,False,
kind_of_activity,9e5b836d-2736-4269-9398-a1f4a9572e91,references_by_class,class,,0,-1,False,
kind_of_activity,fd6c5d2a-581b-41b5-ae1a-e8ed9c578c31,causes_by_class,class_of_event,,0,-1,False,
kind_of_activity,7cfc789a-d4b1-4289-9b47-eff51a8e8869,consists_of_by_class,role,,1,-1,False,part_of_by_class
role,67355888-4ca2-4a2c-a23b-c4d53b984c66,part_of_by_class,kind_of_activity,,0,-1,False,
role,60bb0d70-026e-4797-9601-62b6383faa3c,part_of_by_class_,kind_of_association,,0,-1,False,
kind_of_association,87dccee1-9701-46c2-8574-40679a1d50e8,consists_of_by_class,role,,2,-1,False,part_of_by_class_
class_of_reaching_agreement,2996b643-b402-4229-a7c5-620bec270f13,part_of_by_class,class_of_agreement_process,class_of_socially_constructed_activity,0,-1,True,
class_of_agree_contract,ac7d3601-ae04-440e-a6cb-0df22ada2d9a,part_of_by_class,class_of_contract_process,class_of_reaching_agreement,0,-1,True,
class_of_agreement_execution,d8adca1f-aa3a-4a0d-b5ba-ecd3e197c04b,part_of_by_class,class_of_agreement_process,class_of_socially_constructed_activity,0,-1,True,
class_of_contract_execution,97ca5156-6b04-4707-b37b-6e67e38a03c8,part_of_by_class,class_of_contract_process,class_of_agreement_execution,0,-1,True,
offering,6d2ddda6-d64c-4ddc-a694-a57ba06836e1,class_of_offered,class_of_individual,,0,-1,False,
offering,a3cbadc4-9b5a-4fda-9642-65b9ea35f9e2,consideration_by_class,price,,0,-1,False,
offering,03cd7d5b-7a19-44ef-8ec9-dffac8b5198d,offeror,party,,0,-1,False,
offering,7279047b-2778-4762-b95a-a7469d725489,period_offered,period_of_time,,0,-1,False,
product_offering,5707ef10-807d-4310-9f89-214f22a6bbad,class_of_offered,sales_product,offering,0,-1,True,
sales_product,85fa94af-b94b-4fef-b99e-3456e97b4038,sold_under,product_brand,,0,1,False,
sales_product,3d6246b5-8487-4126-90a3-417de390d2bd,meets_specification,requirement_specification,,0,-1,False,
sales_product_version,29ed2014-38fd-4711-97e3-ad18e0239ef2,sold_as,sales_product,,0,1,False,
sales_product_version,9fb7c349-6fd9-4f81-947b-fcb94b1d76ed,successor,sales_product_version,,0,-1,False,
requirement_specification,c83e9d69-7dfb-4126-9ce7-b0e28f4db358,intersection_of,class_of_state,,1,-1,False,
period_of_time,e8230c48-e73c-485f-bd09-51b600aee001,temporal_part_of_,possible_world,,0,-1,False,
period_of_time,a613cc32-78b4-4e30-af03-a5032b02f8e0,member_of,class_of_period_of_time,state,0,-1,True,
possible_world,2126131e-6113-42fa-a871-28590898f309,member_of,class_of_possible_world,individual,0,-1,True,
kind_of_functional_object,06243564-3161-485c-949e-4dc445193741,intended_role_by_class,role,,1,-1,False,
kind_of_biological_system,2515a106-1dc1-4fa5-a11d-f34b1210eab5,natural_role_by_class,role,,0,-1,False,
kind_of_biological_system,d377a26e-ca90-43ae-b85d-87621676d0d1,has_component_by_class,kind_of_biological_system_component,kind_of_system,1,-1,True,
physical_property,ab1b7933-9d76-4076-b46e-5049a62905bb,member_of,class_of_physical_property,class,0,-1,True,
physical_property,872b5c0e-c2b0-44f5-b4c0-e883dd473890,member_of_kind,kind_of_physical_property,,0,-1,False,
physical_quantity,e8568964-8c9f-4d91-b0ee-688fff5ca8ea,member_of,class_of_physical_quantity,physical_property,0,-1,True,
physical_quantity,717780a7-65bd-4bab-91ce-a675cd421408,member_of_kind,kind_of_physical_quantity,physical_property,0,-1,True,
physical_property_range,5bcd3b4e-aa4b-4734-ae7f-a63a37bd5eba,ranges_over,physical_property,,1,-1,False,
physical_quantity_range,2d259eab-11da-4162-a30b-407f8f4a61e4,upper_bound,physical_quantity,,0,-1,False,
physical_quantity_range,a20e9ba0-b071-4540-a119-d9a67332a780,lower_bound,physical_quantity,,0,-1,False,
socially_constructed_activity,83e3d641-4fe1-4dbc-a726-de4613a158f4,member_of,class_of_socially_constructed_activity,activity,0,-1,True,
socially_constructed_activity,2189cc0b-bdf9-4ee4-833b-711d49ebe3d4,part_of,reaching_agreement,activity,0,-1,True,
socially_constructed_activity,96c9a26f-9fa0-479f-9fd2-62dda17105d2,part_of_,agreement_execution,,0,-1,False,
agreement_process,b5c5f9c9-8137-4129-9ae8-8844ba829911,member_of,class_of_agreement_process,socially_constructed_activity,0,-1,True,
agreement_process,445a09ba-a9f4-4f14-9e6a-98124c44c2ab,consists_of_,agreement_execution,,1,-1,False,part_of
agreement_process,d65f4b0c-31d2-4bf4-9008-142d30690ca9,consists_of,reaching_agreement,activity,1,1,True,part_of
contract_process,7ffe19ef-c6eb-4254-902f-fe06b68978b0,member_of,class_of_contract_process,agreement_process,0,-1,True,
contract_process,4089cc64-44af-4dbd-960e-7e5f1f428a5e,consists_of_,contract_execution,agreement_process,1,1,True,part_of
contract_process,fcbab9cb-c46c-4476-85ad-00b77fd1c3f6,consists_of,agree_contract,agreement_process,1,1,True,part_of
sale_of_goods,393532d4-3c06-4e19-a0b2-4048c4cc45bb,consists_of_,exchange_of_goods_and_money,contract_process,1,1,True,part_of
sale_of_goods,cdbf02f8-2d13-4873-bb0c-816ca6e07709,consists_of,offer_and_acceptance_for_goods,contract_process,1,1,True,part_of
reaching_agreement,78614ec9-2942-461f-b512-abd25da7f6ff,member_of,class_of_reaching_agreement,socially_constructed_activity,0,-1,True,
reaching_agreement,90b96cad-2164-4612-9ab2-20727df00aa9,part_of,agreement_process,socially_constructed_activity,1,1,True,
agree_contract,a2dba85e-5240-49c8-9958-d48ff3068f50,member_of,class_of_agree_contract,reaching_agreement,0,-1,True,
agree_contract,4f2aacf1-2326-4387-922f-cbfb0b23b4e0,part_of,contract_process,reaching_agreement,1,1,True,
agree_contract,be5ed409-8823-415d-a162-732186428ef7,consists_of_,offer,,1,1,False,part_of
agree_contract,1ae5a1b8-420e-4967-8079-1a6f95b90306,consists_of,acceptance_of_offer,activity,1,1,True,part_of
offer_and_acceptance_for_goods,91c999b0-4c28-4b5a-b7ef-1c3bd5413044,part_of,sale_of_goods,agree_contract,1,1,True,
offer_and_acceptance_for_goods,d56021fd-4a90-4fa5-abb6-972849a78c62,consists_of_,offer_for_goods,agree_contract,1,1,True,part_of
offer_and_acceptance_for_goods,dba690af-da63-4617-9068-b6dcf6018744,consists_of,acceptance_of_offer_for_goods,agree_contract,1,1,True,part_of
offer,ba0b05e2-b89e-4541-ab43-71d8b0321efd,member_of,class_of_offer,socially_constructed_activity,0,-1,True,
offer,001b1f79-1d06-47ca-a09c-79bd93c34a2b,part_of,agree_contract,socially_constructed_activity,0,1,True,
offer_for_goods,f24f02c1-0aed-4b81-9b6c-a9ddaf305d77,references,exchange_of_goods_and_money,activity,1,1,True,
offer_for_goods,842b36bc-abe1-443a-bc0b-0325858d188a,part_of,offer_and_acceptance_for_goods,offer,0,1,True,
exchange_of_goods_and_money,ea5ff607-212b-4c4b-8a63-50a30d9ef10e,part_of,sale_of_goods,contract_execution,1,1,True,
exchange_of_goods_and_money,466fd760-7c95-44a0-bb4a-e1f8eae83a22,consists_of_,transfer_of_ownership_of_money,,1,1,False,part_of
exchange_of_goods_and_money,cf9c3f51-1c50-40d8-a193-0bcddce1dc55,consists_of,transfer_of_ownership,activity,1,1,True,part_of
contract_execution,7a2fb6a4-287b-4b08-a66e-edb915a0e97f,member_of,class_of_contract_execution,agreement_execution,0,-1,True,
contract_execution,b106aec2-deae-4e87-be70-78ec0b69d68c,part_of,contract_process,agreement_execution,1,1,True,
agreement_execution,f6f8b44f-c46b-4f9c-8077-3557f866891e,member_of,class_of_agreement_execution,socially_constructed_activity,0,-1,True,
agreement_execution,6a304408-0ab6-4aca-ad38-fcb2f8b6227e,part_of,agreement_process,socially_constructed_activity,1,1,True,
transfer_of_ownership,5c5aa9c6-9306-4a86-8bea-6ce606d63827,causes_beginning,beginning_of_ownership,,1,1,False,
transfer_of_ownership,5e960baf-5ce9-4905-a181-b6943b8f2d5d,causes_ending,ending_of_ownership,,1,1,False,
transfer_of_ownership,5ae33a71-dd64-4e20-a5ee-3897aed8d1a1,references,asset,activity,1,1,True,
transfer_of_ownership,d6fd86e1-9988-4e84-8cdc-b40aa4fe7495,part_of,exchange_of_goods_and_money,socially_constructed_activity,0,1,True,
transfer_of_ownership,87daf83e-73c5-4aca-9a47-53e38e002c6f,consists_of_participant_,transferee,,1,1,False,participant_in
transfer_of_ownership,d5f1cd2c-f094-4f51-a18b-e5c54a226cfa,consists_of_participant,transferor,activity,1,1,True,participant_in
transfer_of_ownership_of_money,ef27e608-5683-47ce-aff4-190bad7afbed,references,money_asset,transfer_of_ownership,1,1,True,
transfer_of_ownership_of_money,1e9e1949-e71f-4bc3-be56-56f112a889c2,part_of,exchange_of_goods_and_money,transfer_of_ownership,0,1,True,
event,33f4327d-6ffa-43bf-bb46-0db43764e873,member_of,class_of_event,spatio_temporal_extent,0,-1,True,
point_in_time,1de64a38-54c7-4482-8166-be776a926068,member_of,class_of_point_in_time,event,0,-1,True,
transferee,d23136fc-02a3-4255-9490-649f31f4e1d9,participant_in,transfer_of_ownership,participant,1,-1,True,
transferor,455b04b1-1896-4621-8cf8-5591c8c53be8,temporal_part_of,owner,state_of_party,0,1,True,
transferor,c7614070-2a16-4515-803c-ca92761154c7,participant_in,transfer_of_ownership,participant,1,-1,True,
acceptance_of_offer,29806b7f-8cf4-4fc1-bcd5-050ef4e99698,references,offer,activity,1,1,True,
acceptance_of_offer,0f16b35b-11c9-4c0a-9edd-72d4cbd659ed,part_of,agree_contract,socially_constructed_activity,1,1,True,
acceptance_of_offer_for_goods,fbecff91-9770-4437-93b8-5aded5c8a1d5,references,offer_for_goods,acceptance_of_offer,1,1,True,
acceptance_of_offer_for_goods,7ad69578-90f3-4454-8b63-1816147c11ec,part_of,offer_and_acceptance_for_goods,acceptance_of_offer,1,1,True,
association,2b829e21-45a8-497c-b704-18adb89469cd,member_of,class_of_association,individual,0,-1,True,
association,0c2b684c-f8a9-42bc-9de2-2841c0d6638c,member_of_kind,kind_of_association,individual,1,-1,True,
association,1d5f6ac0-393e-44e6-a484-801726436c16,consists_of_participant,participant,,1,-1,False,participant_in
state_of_association,5aeaa54a-34c8-4f13-949e-7cc3b374056e,temporal_part_of,association,state,0,-1,True,
state_of_association,71cb2521-d30f-4bb9-8e84-9d641d32f6eb,member_of,class_of_state_of_association,state,0,-1,True,
ownership,58c50be7-8a85-4286-b8c4-242467a76786,ending,ending_of_ownership,spatio_temporal_extent,0,-1,True,
ownership,dcd5c7ee-243a-4317-8fbd-a18d5294370f,beginning,beginning_of_ownership,spatio_temporal_extent,0,-1,True,
ownership,6d9a32cc-2a5f-4b3b-9b8d-d546e53fc9fb,consists_of_participant,owner,association,1,1,True,participant_in
ownership,5dc88a11-a4c7-496d-9324-be6b6aee0914,consists_of_participant_,asset,,1,1,False,participant_in
employment,a284f13f-aadd-4b33-b677-11f37e87ff1a,consists_of_participant,employer,association,1,1,True,participant_in
employment,ac1746de-5973-4f0a-805b-64766e8ab382,consists_of_participant_,employee,,1,1,False,participant_in
employer,52c118f1-076b-4af4-bf6f-5bb04b98559c,participant_in,employment,participant,1,1,True,
employee,5eac4cb2-cb98-4d1f-bffe-5b915e088a26,participant_in,employment,participant,1,1,True,
representation_by_sign,dc7f422e-5656-4ce2-9944-7872ff126e08,represents,thing,,1,-1,False,
representation_by_sign,1d43184b-d940-42d8-947b-56168485c7cd,member_of,class_of_representation,association,0,-1,True,
representation_by_sign,b220b2e9-badf-4e57-8741-019855c74acb,member_of_,representation_by_pattern,,1,1,False,
representation_by_sign,69b35ac5-ec2d-4036-bd2c-022b1ae0bd40,consists_of_,recognizing_language_community,,1,-1,False,participant_in
representation_by_sign,2af23f83-d2df-4ae6-ad3c-74dfce070ecf,consists_of,sign,,1,-1,False,participant_in
representation_by_pattern,6621e169-e03e-4898-ac53-8841192600ae,represented,thing,,1,-1,False,
representation_by_pattern,1fe32698-fee1-4f17-9200-af5bfdc5cb6b,consists_of_by_class,pattern,,1,1,False,
representation_by_pattern,46e89979-a096-4716-b64f-733cf1a8d4f2,consists_of_in_members,recognizing_language_community,,1,-1,False,
identification_of_physical_quantity,75de6fb6-f6ff-4a55-a118-d633289e79c4,represented,physical_quantity,representation_by_pattern,1,1,True,
identification_of_physical_quantity,e6c55f50-667b-4fe0-b748-15674795ed1d,consists_of_by_class,REAL,representation_by_pattern,1,1,True,
identification_of_physical_quantity,fef7ee3f-8940-4b00-9f2e-eab26c730c99,uses,scale,,0,-1,False,
definition,4eb500f5-bf04-45f9-99d5-cc56d87b1d8f,represented,class,representation_by_pattern,1,1,True,
recognizing_language_community,46884355-5e59-4613-96e6-7e6cf7746893,participant_in,representation_by_sign,participant,0,-1,True,
state_of_language_community,7ac34f7f-8bf7-4d71-82af-4e1daca516f9,temporal_part_of,language_community,state_of_organization,0,-1,True,
sign,929e697b-535d-4c5f-b76a-72bc8d6b74f4,member_of,class_of_sign,socially_constructed_object,0,-1,True,
sign,3347d7a9-0ac1-478d-99dc-e9a980a131b9,member_of_,pattern,,1,1,False,
sign,8504a423-704c-45c5-adde-5e82cf3b83f3,participant_in,representation_by_sign,participant,1,-1,True,
state_of_sign,6878c08f-9207-4912-8f81-84be17395920,temporal_part_of,sign,state_of_socially_constructed_object,0,-1,True,
state_of_sign,1ec14077-8c89-4dd9-a648-a47cfd103ab7,member_of,class_of_state_of_sign,state_of_socially_constructed_object,0,-1,True,
organization_component,d26f3595-c5f1-4e61-a7ef-1bf491c027f2,component_of,organization,system_component,1,1,True,
organization_component,ae4ba0d6-7e79-4667-848e-fabbc570f428,member_of,class_of_organization_component,state_of_organization_component,0,-1,True,
organization_component,d9b96040-0f61-4c43-9ed6-8165a7b6cbf7,member_of_kind,kind_of_organization_component,physical_object,0,-1,True,
state_of_organization_component,449ab81f-3fde-489f-af71-65b43f96ba01,temporal_part_of,organization_component,state_of_system_component,0,-1,True,
state_of_organization_component,088074d8-fc43-40e2-8da3-f4e38ba589bf,member_of,class_of_state_of_organization_component,state_of_system_component,0,-1,True,
state_of_position,19afeee6-acc6-485b-a93d-a5a52c9a9573,temporal_part_of,position,state_of_organization_component,0,-1,True,
state_of_position,985cec96-3890-4340-b7f3-cafc1d62421a,member_of,class_of_state_of_position,state_of_organization_component,0,-1,True,
position,a8d7f6e9-093d-49ac-81d1-40bed4221999,member_of,class_of_position,organization_component,0,-1,True,
position,e2d59752-7490-4540-9d82-955bbd50539a,member_of_kind,kind_of_position,organization_component,0,-1,True,
person_in_position,c83fd9bf-f0df-456c-af0b-9e3f21c024e6,member_of,class_of_person_in_position,state_of_position,0,-1,True,
installed_object,ed4fcac4-54d7-4c98-bbfc-538a2d1cbbb1,member_of,class_of_installed_object,state_of_ordinary_physical_object,0,-1,True,
installed_functional_system_component,478ee23f-7913-4aa0-b7ff-f51d5e7efada,member_of,class_of_installed_functional_system_component,state_of_functional_system_component,0,-1,True,
in_place_biological_component,d8448625-68e1-4d2e-bed7-74afd2f0431b,member_of,class_of_in_place_biological_component,state_of_biological_system_component,0,-1,True,
state_of_biological_system_component,ec54ce61-c68b-486d-8636-3bd2bbb8a02c,temporal_part_of,biological_system_component,state_of_biological_object,0,-1,True,
state_of_biological_system_component,76b555bf-8622-4f72-b4e5-10e4a07085f0,member_of,class_of_state_of_biological_system_component,state_of_biological_object,0,-1,True,
person,a2f8ac88-e5e5-48ce-8c92-73a6058ce602,member_of,class_of_person,biological_system,0,-1,True,
person,4aa75c7e-5e90-4a72-b040-56af718298d6,member_of_kind,kind_of_person,biological_system,0,-1,True,
functional_system,141b2359-052a-4ef3-818c-8c8cbe644efb,member_of,class_of_functional_system,system,0,-1,True,
functional_system,7a782919-d4ac-4a39-8a24-396f8dde7e2c,member_of_kind,kind_of_functional_system,system,0,-1,True,
ordinary_functional_object,ebad3215-3c79-46e8-b798-fd83ca686b14,member_of,class_of_ordinary_functional_object,functional_object,0,-1,True,
ordinary_functional_object,d7215ab7-6003-4ff3-9beb-5455fd328b13,member_of_kind,kind_of_ordinary_functional_object,functional_object,0,-1,True,
sales_product_instance,9a8f0e27-e940-449f-a9a6-ed14bbc6667e,member_of,class_of_sales_product_instance,state_of_sales_product_instance,0,-1,True,
state_of_sales_product_instance,063d2270-13cd-4401-b70b-ddb8172d2119,temporal_part_of,sales_product_instance,state_of_ordinary_functional_object,0,-1,True,
state_of_sales_product_instance,284e7cc6-175f-4c5a-a237-c8270bbdc3a1,member_of,class_of_state_of_sales_product_instance,state_of_ordinary_functional_object,0,-1,True,
requirement,89ab5dc5-d146-4d80-a9d3-99a057439172,defined_by,requirement_specification,,1,1,False,
requirement,fd4ff7d3-3194-408f-b612-721a42949703,part_of_plan,plan,,1,-1,False,
